City_ID,City,Lat,Lng,Max Temp,Min Temp,Humidity,Cloudiness,Wind Speed,Country,Description
0,Pamplona,42.8169,-1.6432,34.0,32.0,93,0,3.44,ES,clear sky
1,Ushuaia,-54.8,-68.3,41.0,41.0,93,75,33.38,AR,light intensity drizzle
2,Kahului,20.8947,-156.47,71.6,68.0,94,75,12.66,US,moderate rain
3,Cape Town,-33.9258,18.4232,61.0,60.01,94,0,10.36,ZA,clear sky
4,Atar,20.5169,-13.0499,61.23,61.23,19,38,9.6,MR,scattered clouds
5,Hermanus,-34.4187,19.2345,62.01,62.01,86,38,4.0,ZA,scattered clouds
6,Saint-Augustin,51.226,-58.6502,25.75,25.75,81,99,20.69,CA,overcast clouds
7,Puri,19.8,85.85,84.2,84.2,65,75,8.05,IN,broken clouds
8,Samarai,-10.6167,150.6667,86.47,86.47,70,75,11.72,PG,broken clouds
9,Norman Wells,65.282,-126.8329,-4.0,-4.0,65,75,11.5,CA,snow
10,Bambous Virieux,-20.3428,57.7575,84.0,82.4,69,40,11.5,MU,light rain
11,Zarand,30.8127,56.564,64.69,64.69,15,14,45.92,IR,few clouds
12,Mataura,-46.1927,168.8643,64.99,64.99,71,0,5.99,NZ,clear sky
13,East London,-33.0153,27.9116,75.2,75.2,73,0,8.05,ZA,clear sky
14,Saskylakh,71.9167,114.0833,-14.67,-14.67,89,9,15.99,RU,clear sky
15,Provideniya,64.3833,-173.3,30.25,30.25,96,100,31.63,RU,snow
16,Goundam,16.4145,-3.6708,63.34,63.34,25,36,9.28,ML,scattered clouds
17,Koroni,36.8,21.95,50.0,41.0,87,20,7.74,GR,few clouds
18,Tuktoyaktuk,69.4541,-133.0374,-7.6,-7.6,77,90,16.11,CA,snow
19,Ancud,-41.8697,-73.8203,48.2,48.2,87,0,2.3,CL,clear sky
20,Busselton,-33.65,115.3333,71.01,71.01,49,0,4.0,AU,clear sky
21,Lavrentiya,65.5833,-171.0,15.84,15.84,93,100,21.54,RU,snow
22,Yellowknife,62.456,-114.3525,-2.0,-2.2,71,1,10.36,CA,clear sky
23,Castro,-24.7911,-50.0119,60.12,60.12,96,19,3.94,BR,few clouds
24,Kalabo,-14.97,22.6814,65.46,65.46,95,92,5.21,ZM,overcast clouds
25,Sechenovo,55.2244,45.8906,5.16,5.16,89,92,14.88,RU,overcast clouds
26,Vila,42.0304,-8.1588,37.0,37.0,94,62,1.99,PT,broken clouds
27,Longyearbyen,78.2186,15.6401,12.2,12.2,79,75,6.91,SJ,broken clouds
28,Hobart,-42.8794,147.3294,68.0,59.0,56,75,21.85,AU,broken clouds
29,Nuevo Progreso,23.1667,-97.95,73.99,73.0,72,34,3.0,MX,scattered clouds
30,Tiksi,71.6872,128.8694,-10.48,-10.48,93,100,9.84,RU,overcast clouds
31,Vaini,-21.2,-175.2,78.8,78.8,83,75,9.22,TO,light rain
32,Vardo,70.3705,31.1107,22.1,22.1,84,99,15.73,NO,overcast clouds
33,Flinders,-34.5833,150.8552,84.99,80.01,71,43,4.0,AU,light rain
34,Rikitea,-23.1203,-134.9692,79.88,79.88,75,91,9.06,PF,overcast clouds
35,Fortuna,40.5982,-124.1573,48.99,45.0,87,90,8.05,US,overcast clouds
36,Airai,-8.9266,125.4092,70.95,70.95,86,94,0.92,TL,overcast clouds
37,La Rioja,42.25,-2.5,39.0,35.6,93,0,5.03,ES,clear sky
38,Katsuura,35.1333,140.3,62.6,55.0,94,75,9.22,JP,broken clouds
39,Carnarvon,-24.8667,113.6333,95.0,95.0,34,2,12.66,AU,clear sky
40,Labuhan,-6.8844,112.2051,85.23,85.23,68,93,6.67,ID,overcast clouds
41,Omsukchan,62.5333,155.8,-4.67,-4.67,91,100,7.18,RU,overcast clouds
42,Zima,53.9202,102.0442,30.31,30.31,95,91,4.14,RU,overcast clouds
43,Banjar,-8.19,114.9675,93.2,93.2,59,40,10.36,ID,scattered clouds
44,Sisimiut,66.9395,-53.6735,10.15,10.15,81,82,5.95,GL,broken clouds
45,Pacific Grove,36.6177,-121.9166,53.6,48.0,76,75,4.61,US,broken clouds
46,Port Elizabeth,-33.918,25.5701,64.4,64.4,94,0,3.44,ZA,clear sky
47,Hilo,19.7297,-155.09,75.2,66.99,73,75,4.61,US,light rain
48,Coquimbo,-29.9533,-71.3436,60.8,60.8,82,90,4.61,CL,overcast clouds
49,Sao Joao Da Barra,-21.6403,-41.0511,75.94,75.94,91,91,1.03,BR,overcast clouds
50,Richards Bay,-28.783,32.0377,73.6,73.6,85,2,11.36,ZA,clear sky
51,Upernavik,72.7868,-56.1549,-2.7,-2.7,65,17,1.99,GL,few clouds
52,Ikeda,34.8221,135.4298,57.2,45.0,62,40,18.41,JP,scattered clouds
53,Dikson,73.5069,80.5464,-12.57,-12.57,91,100,24.05,RU,overcast clouds
54,Jacareacanga,-6.2222,-57.7528,72.63,72.63,96,43,0.94,BR,scattered clouds
55,Mayna,54.1135,47.6231,3.42,3.42,91,59,11.25,RU,broken clouds
56,Rybinsk,58.0446,38.8426,19.54,19.54,90,100,15.01,RU,light snow
57,Broome,42.2506,-75.833,30.2,27.0,47,1,20.71,US,clear sky
58,Butaritari,3.0707,172.7902,81.5,81.5,75,71,10.76,KI,broken clouds
59,Bluff,-46.6,168.3333,64.99,64.99,71,0,5.99,NZ,clear sky
60,Pochutla,15.7432,-96.4661,78.01,78.01,67,0,2.64,MX,clear sky
61,Krasnyy Chikoy,50.3643,108.7512,43.74,43.74,63,76,3.69,RU,broken clouds
62,Port Lincoln,-34.7333,135.8667,62.85,62.85,53,39,21.72,AU,scattered clouds
63,Sekoma,-24.4,23.8833,67.26,67.26,78,37,8.37,BW,scattered clouds
64,Tasiilaq,65.6145,-37.6368,10.4,10.4,92,70,4.61,GL,broken clouds
65,Bengkulu,-3.8004,102.2655,85.06,85.06,63,72,7.36,ID,broken clouds
66,Oussouye,12.485,-16.5469,69.46,69.46,22,0,5.93,SN,clear sky
67,Marsa Matruh,31.3525,27.2453,57.2,57.2,58,75,10.36,EG,broken clouds
68,Watertown,42.3709,-71.1828,50.0,44.6,34,1,19.57,US,clear sky
69,Mount Isa,-20.7333,139.5,93.2,93.2,33,53,14.97,AU,broken clouds
70,Dingle,10.9995,122.6711,81.0,81.0,84,93,7.7,PH,overcast clouds
71,Kodiak,57.79,-152.4072,23.0,23.0,39,1,18.41,US,clear sky
72,Khor,47.8861,134.9464,32.85,32.85,97,0,5.82,RU,clear sky
73,Srandakan,-7.9386,110.2506,84.99,84.99,67,100,9.71,ID,overcast clouds
74,Souillac,-20.5167,57.5167,82.4,82.4,69,40,11.5,MU,light rain
75,Port Hardy,50.6996,-127.4199,46.4,44.6,76,90,14.97,CA,overcast clouds
76,Nikolskoye,59.7035,30.7861,35.6,32.0,87,90,13.42,RU,light rain
77,Cidreira,-30.1811,-50.2056,70.0,70.0,80,0,6.2,BR,clear sky
78,Santa Helena De Goias,-17.8136,-50.5969,70.32,70.32,89,99,1.81,BR,overcast clouds
79,Sandpoint,48.2766,-116.5533,35.01,32.0,80,1,1.97,US,clear sky
80,Cabo San Lucas,22.8909,-109.9124,66.0,64.0,69,77,3.0,MX,broken clouds
81,Diffa,13.3154,12.6113,76.93,76.93,17,2,7.83,NE,clear sky
82,Malakal,9.5334,31.6605,84.81,84.81,23,1,2.13,SS,clear sky
83,Finschhafen,-6.6024,147.8681,84.83,84.83,76,31,8.66,PG,scattered clouds
84,Saldanha,-33.0117,17.9442,59.0,59.0,94,58,8.05,ZA,broken clouds
85,Port Alfred,-33.5906,26.891,78.46,78.46,51,79,10.0,ZA,broken clouds
86,Nieuwpoort,51.1244,2.7735,44.6,44.01,70,90,23.02,BE,overcast clouds
87,Nizhniy Ingash,56.2,96.53,16.61,16.61,72,99,3.74,RU,overcast clouds
88,Bethel,41.3712,-73.414,53.6,44.6,29,20,5.75,US,few clouds
89,Mountain Home,43.133,-115.6912,33.8,33.8,34,1,8.05,US,clear sky
90,Datong,40.0936,113.2914,52.39,52.39,45,19,4.99,CN,few clouds
91,Fare,-16.7,-151.0167,83.17,83.17,67,47,3.29,PF,scattered clouds
92,Rakiv Lis,51.6217,24.9243,31.91,31.91,90,0,8.72,UA,clear sky
93,La Ronge,55.1001,-105.2842,26.6,23.0,68,85,2.3,CA,overcast clouds
94,Narsaq,60.9167,-46.05,12.2,12.2,44,20,5.75,GL,few clouds
95,Goure,13.9835,10.2704,74.14,74.14,12,40,6.2,NE,scattered clouds
96,Omboue,-1.5746,9.2618,73.09,73.09,92,100,5.66,GA,overcast clouds
97,Tambacounda,13.7539,-13.7586,78.8,78.8,41,0,9.31,SN,clear sky
98,Sao Felix Do Xingu,-6.6447,-51.995,70.79,70.79,96,98,0.76,BR,moderate rain
99,Faanui,-16.4833,-151.75,83.34,83.34,63,53,0.6,PF,broken clouds
100,Matagami,49.7502,-77.6328,5.0,5.0,78,90,10.36,CA,light snow
101,Kruisfontein,-34.0033,24.7314,71.31,71.31,52,34,7.54,ZA,scattered clouds
102,Caravelas,-17.7125,-39.2481,71.69,71.69,84,0,4.36,BR,clear sky
103,Arraial Do Cabo,-22.9661,-42.0278,76.33,76.33,88,42,4.27,BR,scattered clouds
104,Knyaze-Volkonskoye,48.4642,135.4567,42.8,42.8,33,0,20.13,RU,clear sky
105,Cherskiy,68.75,161.3,-6.99,-6.99,92,94,17.16,RU,overcast clouds
106,Avarua,-21.2078,-159.775,82.4,82.4,83,75,5.75,CK,broken clouds
107,Talnakh,69.4865,88.3972,-9.2,-9.2,97,100,18.81,RU,light snow
108,Chapais,49.7834,-74.8492,3.2,3.2,78,75,11.5,CA,light snow
109,Jamestown,42.097,-79.2353,28.99,26.6,68,1,13.22,US,clear sky
110,Saint Anthony,45.0205,-93.218,34.0,28.99,64,1,5.03,US,clear sky
111,Asosa,10.0667,34.5333,76.5,76.5,26,10,0.89,ET,clear sky
112,Panama City,8.9936,-79.5197,77.0,73.4,78,90,5.75,PA,overcast clouds
113,Ribeira Grande,38.5167,-28.7,60.6,60.6,81,100,17.25,PT,overcast clouds
114,Moron,-34.6534,-58.6198,72.0,71.01,76,84,3.0,AR,broken clouds
115,Zyryanovsk,49.7386,84.2719,19.08,19.08,94,100,12.55,KZ,snow
116,Atuona,-9.8,-139.0333,79.77,79.77,58,33,2.62,PF,scattered clouds
117,Noumea,-22.2763,166.4572,86.0,86.0,51,75,9.22,NC,broken clouds
118,Qaanaaq,77.484,-69.3632,-1.28,-1.28,70,99,4.61,GL,overcast clouds
119,Mar Del Plata,-38.0023,-57.5575,51.8,51.8,87,0,8.95,AR,clear sky
120,Fort Nelson,58.8053,-122.7002,23.0,23.0,54,90,11.5,CA,light snow
121,Las Palmas,28.4204,-14.0131,62.6,62.6,72,90,13.8,ES,overcast clouds
122,Zhangye,38.9342,100.4517,60.82,60.82,14,7,25.28,CN,clear sky
123,Shetpe,44.1667,52.1167,21.4,21.4,40,95,14.05,KZ,overcast clouds
124,Puerto Ayora,-0.7393,-90.3518,75.99,75.99,92,2,1.01,EC,clear sky
125,Albany,42.6001,-73.9662,34.0,32.0,47,2,3.0,US,clear sky
126,Mahebourg,-20.4081,57.7,82.4,82.4,69,40,11.5,MU,light rain
127,Lasa,46.6166,10.7002,33.01,23.0,74,0,5.75,IT,clear sky
128,Chokurdakh,70.6333,147.9167,-17.21,-17.21,94,0,2.46,RU,clear sky
129,Amapa,1.0,-52.0,69.76,69.76,99,82,1.79,BR,broken clouds
130,Wuwei,37.9281,102.6414,73.29,73.29,4,0,6.29,CN,clear sky
131,Kovdor,67.5662,30.4758,8.35,8.35,96,85,3.69,RU,overcast clouds
132,Whyalla,-33.0333,137.5833,66.2,66.2,63,90,23.02,AU,overcast clouds
133,Birin,26.8865,88.0718,73.31,73.31,26,0,6.69,NP,clear sky
134,Hovd,48.0056,91.6419,52.36,52.36,13,27,5.41,MN,scattered clouds
135,Kapaa,22.0752,-159.319,75.99,70.0,94,90,6.91,US,moderate rain
136,Portlethen,57.0547,-2.1307,33.01,32.0,100,99,3.44,GB,overcast clouds
137,Punta Arenas,-53.15,-70.9167,48.2,48.0,57,40,24.16,CL,scattered clouds
138,Alyangula,-13.8483,136.4192,89.6,89.6,62,75,6.91,AU,broken clouds
139,Opuwo,-18.0607,13.84,65.64,65.64,68,15,3.15,NA,few clouds
140,Poperinge,50.8549,2.6875,44.01,42.01,80,100,18.01,BE,light rain
141,New Norfolk,-42.7826,147.0587,68.0,59.0,56,75,21.85,AU,broken clouds
142,Wuda,39.4994,106.7117,63.66,63.66,25,0,21.32,CN,clear sky
143,Chuy,-33.6971,-53.4616,67.75,67.75,90,69,4.83,UY,broken clouds
144,San Quintin,30.4833,-115.95,52.09,52.09,71,0,10.54,MX,clear sky
145,Pisco,-13.7,-76.2167,70.0,69.8,94,27,4.61,PE,scattered clouds
146,Manacapuru,-3.2997,-60.6206,75.2,75.2,94,40,3.44,BR,scattered clouds
147,Antalya,36.7741,30.7178,53.01,44.6,57,0,4.61,TR,clear sky
148,Ambilobe,-13.2,49.05,78.82,78.82,85,1,2.1,MG,clear sky
149,Grindavik,63.8424,-22.4338,30.2,30.2,74,40,20.71,IS,scattered clouds
150,Dakar,14.6937,-17.4441,66.2,66.2,63,4,14.97,SN,clear sky
151,Lorengau,-2.0226,147.2712,86.07,86.07,61,24,4.92,PG,few clouds
152,Ponta Do Sol,32.6667,-17.1,55.99,51.01,69,100,3.0,PT,overcast clouds
153,Aranda De Duero,41.6704,-3.6892,36.03,36.03,84,83,6.33,ES,broken clouds
154,Upata,8.0086,-62.3989,73.99,73.99,95,94,1.99,VE,overcast clouds
155,Puerto Escondido,15.85,-97.0667,80.6,80.6,83,1,4.61,MX,clear sky
156,Sioux Lookout,50.1001,-91.917,23.0,23.0,50,90,6.91,CA,overcast clouds
157,Pangnirtung,66.1451,-65.7125,-11.4,-11.4,97,89,1.54,CA,overcast clouds
158,Sobolevo,54.4299,31.8996,29.23,29.23,96,100,10.42,RU,overcast clouds
159,Atasu,48.6814,71.6433,-10.73,-10.73,92,28,7.56,KZ,scattered clouds
160,Gasa,31.5,34.4667,52.0,46.99,100,14,3.0,PS,few clouds
161,Severo-Kurilsk,50.6789,156.125,27.23,27.23,83,96,24.0,RU,light snow
162,Bambanglipuro,-7.95,110.2833,84.92,84.92,67,100,9.98,ID,overcast clouds
163,Olafsvik,64.8945,-23.7142,29.25,29.25,70,62,18.45,IS,broken clouds
164,Fairbanks,64.8378,-147.7164,-13.0,-14.8,70,1,1.54,US,clear sky
165,Aktas,49.7789,72.9608,-13.0,-13.0,70,20,8.95,KZ,few clouds
166,Akyab,20.15,92.9,85.44,85.44,44,0,6.76,MM,clear sky
167,Anadyr,64.75,177.4833,33.8,33.01,86,75,33.55,RU,snow
168,Isangel,-19.55,169.2667,86.0,86.0,70,40,17.27,VU,scattered clouds
169,Luan,46.3592,6.9759,39.99,35.6,75,0,1.14,CH,clear sky
170,Erzin,36.9559,36.2,45.0,45.0,50,0,1.99,TR,clear sky
171,Iqaluit,63.7506,-68.5145,-16.01,-16.6,69,20,10.36,CA,few clouds
172,Chilca,-12.5211,-76.7372,73.99,72.0,83,0,11.5,PE,clear sky
173,Sinnamary,5.3833,-52.95,72.93,72.93,91,100,8.81,GF,overcast clouds
174,Chicama,-7.8447,-79.1469,74.52,74.52,68,54,4.5,PE,broken clouds
175,Georgetown,5.4112,100.3354,89.6,87.01,55,20,6.91,MY,few clouds
176,Namtsy,62.7161,129.6658,8.6,8.6,72,0,6.71,RU,clear sky
177,Barao De Melgaco,-16.1944,-55.9675,73.4,73.4,94,0,2.3,BR,clear sky
178,Lake Havasu City,34.4839,-114.3224,51.8,46.99,40,1,4.61,US,clear sky
179,Sitka,57.0531,-135.33,32.0,32.0,74,75,4.61,US,broken clouds
180,Kaitangata,-46.2817,169.8464,64.99,64.99,66,0,8.01,NZ,clear sky
181,Bourail,-21.5667,165.4833,82.04,82.04,62,92,6.62,NC,overcast clouds
182,Hami,42.8,93.45,58.28,58.28,24,100,5.44,CN,overcast clouds
183,Namie,37.4833,141.0,54.0,42.8,100,75,9.22,JP,fog
184,Maracaju,-21.6144,-55.1683,72.16,72.16,72,62,2.51,BR,broken clouds
185,Thompson,55.7435,-97.8558,15.8,15.8,79,20,3.44,CA,few clouds
186,Zhob,31.3411,69.4481,61.88,61.88,51,59,1.25,PK,broken clouds
187,Kathu,7.9178,98.3332,88.0,87.8,58,20,8.05,TH,few clouds
188,Bara,10.3744,10.7288,77.22,77.22,58,51,5.32,NG,broken clouds
189,Miraflores,19.2167,-98.8083,69.8,69.01,21,40,8.05,MX,scattered clouds
190,Eltham,-39.4292,174.3,68.0,64.0,65,0,4.92,NZ,clear sky
191,Saint-Pierre,-21.3393,55.4781,82.4,73.0,69,75,19.57,RE,broken clouds
192,Aksarka,66.5606,67.7975,15.31,15.31,83,100,15.68,RU,overcast clouds
193,Belyy Yar,53.6039,91.3903,21.2,21.2,86,75,15.66,RU,snow
194,Necochea,-38.5473,-58.7368,57.99,57.99,75,51,7.0,AR,broken clouds
195,Saint-Philippe,-21.3585,55.7679,82.4,73.0,69,75,19.57,RE,light rain
196,Udachnyy,66.4167,112.4,10.49,10.49,90,98,10.07,RU,overcast clouds
197,Bichura,50.5881,107.6022,45.64,45.64,55,92,4.14,RU,overcast clouds
198,Hithadhoo,-0.6,73.0833,83.57,83.57,62,7,5.08,MV,clear sky
199,Emerald,-23.5333,148.1667,93.2,91.0,38,40,5.75,AU,scattered clouds
200,Gazi,35.3253,25.0669,48.0,46.4,87,20,12.66,GR,few clouds
201,Bredasdorp,-34.5322,20.0403,51.8,51.8,93,38,1.14,ZA,scattered clouds
202,Dukat,62.55,155.55,-7.76,-7.76,91,100,6.58,RU,overcast clouds
203,Sao Filipe,14.8961,-24.4956,69.17,69.17,74,0,1.36,CV,clear sky
204,Kirensk,57.7853,108.1119,24.98,24.98,71,99,11.03,RU,overcast clouds
205,Chimore,-16.9833,-65.1333,72.32,72.32,88,100,2.98,BO,overcast clouds
206,Namibe,-15.1961,12.1522,74.39,74.39,87,100,5.28,AO,light rain
207,Acapulco,16.8634,-99.8901,75.76,75.76,74,0,2.64,MX,clear sky
208,Tessalit,20.1986,1.0114,57.78,57.78,46,31,7.31,ML,scattered clouds
209,Bathsheba,13.2167,-59.5167,77.0,77.0,69,40,18.41,BB,scattered clouds
210,Umm Kaddadah,13.6017,26.6876,75.92,75.92,16,42,23.6,SD,scattered clouds
211,Quatre Cocos,-20.2078,57.7625,84.0,82.4,69,40,11.5,MU,light rain
212,Kabwe,-14.4469,28.4464,64.04,64.04,98,99,6.35,ZM,overcast clouds
213,Farim,12.4839,-15.2217,68.04,68.04,29,0,4.21,GW,clear sky
214,La Fleche,47.6982,-0.0755,51.01,50.0,76,90,23.02,FR,overcast clouds
215,Saquarema,-22.92,-42.5103,75.2,75.2,88,28,3.74,BR,scattered clouds
216,Blagoyevo,63.3667,47.9167,8.1,8.1,89,72,10.31,RU,broken clouds
217,Santa Fe,-31.6333,-60.7,75.0,75.0,75,23,1.99,AR,few clouds
218,Victor Harbor,-35.5667,138.6167,69.01,60.01,64,95,5.99,AU,overcast clouds
219,Maceio,-9.6658,-35.7353,73.4,73.4,94,0,3.44,BR,clear sky
220,Khatanga,71.9667,102.5,-9.94,-9.94,83,100,11.92,RU,overcast clouds
221,Bud,39.447,-86.1758,46.99,46.99,53,100,7.49,US,overcast clouds
222,Nanortalik,60.1432,-45.2371,15.4,15.4,59,89,8.05,GL,overcast clouds
223,Lebu,-37.6167,-73.65,55.81,55.81,88,1,11.43,CL,clear sky
224,Ochakiv,46.6128,31.5498,32.0,32.0,100,0,6.24,UA,clear sky
225,Tateyama,34.9833,139.8667,62.6,55.0,94,75,9.22,JP,broken clouds
226,Cap-Aux-Meules,47.3821,-61.8597,33.8,33.8,69,0,17.27,CA,clear sky
227,Ulladulla,-35.35,150.4667,87.8,82.99,55,40,3.44,AU,scattered clouds
228,Alofi,-19.0595,-169.9187,80.6,80.6,78,24,4.61,NU,few clouds
229,Miro Khan,27.7599,68.0921,69.8,69.8,64,75,11.5,PK,haze
230,Verkhoyansk,67.5447,133.385,-4.13,-4.13,74,20,3.2,RU,few clouds
231,Sambava,-14.2667,50.1667,80.65,80.65,73,1,11.05,MG,clear sky
232,Kamakura,35.3089,139.5503,57.0,50.0,93,90,13.8,JP,mist
233,Bousso,10.4795,16.7117,81.19,81.19,21,57,2.77,TD,broken clouds
234,Chopovychi,50.8332,28.9533,30.29,30.29,94,61,7.78,UA,broken clouds
235,Rawson,-43.3002,-65.1023,69.55,69.55,32,0,8.43,AR,clear sky
236,Matamoros,25.5333,-103.25,69.78,69.78,44,74,6.62,MX,broken clouds
237,Hayden,47.766,-116.7866,37.4,28.0,70,1,2.21,US,clear sky
238,Mayo,38.8876,-76.5119,59.0,55.99,29,1,11.5,US,clear sky
239,Monze,-16.2833,27.4833,64.04,64.04,96,87,5.19,ZM,overcast clouds
240,Horta,38.5333,-28.6333,59.54,59.54,82,100,14.67,PT,overcast clouds
241,Yulara,-25.2406,130.9889,77.0,77.0,69,90,12.66,AU,light rain
242,Bonavista,48.6499,-53.1147,37.99,33.8,80,25,13.8,CA,scattered clouds
243,Rio Pardo De Minas,-15.6097,-42.5397,62.8,62.8,73,72,3.0,BR,broken clouds
244,Tashtagol,52.7657,87.8894,16.52,16.52,93,100,12.33,RU,snow
245,Kisesa,-3.0833,34.15,63.7,63.7,73,100,8.1,TZ,overcast clouds
246,Mariselu,47.0167,24.5167,34.0,33.8,93,90,2.3,RO,light rain
247,Inverell,-29.7833,151.1167,81.0,75.99,58,14,1.01,AU,light rain
248,Ahipara,-35.1667,173.1667,67.55,67.55,83,66,3.71,NZ,broken clouds
249,Brae,60.3964,-1.353,41.0,41.0,81,75,23.02,GB,broken clouds
250,Lompoc,34.6391,-120.4579,48.2,44.01,87,75,3.44,US,broken clouds
251,Barrow,71.2906,-156.7887,-20.2,-20.2,63,1,16.11,US,clear sky
252,Lamu,-2.2717,40.902,78.8,78.8,83,20,8.08,KE,few clouds
253,Deyang,31.1302,104.382,73.99,69.01,60,3,6.46,CN,clear sky
254,Sciacca,37.5082,13.0881,48.99,48.0,98,9,3.4,IT,clear sky
255,Pale,43.8161,18.5694,41.0,41.0,100,75,9.22,BA,mist
256,Kalya,12.9793,77.1806,86.0,79.0,18,0,6.91,IN,clear sky
257,Monte Alegre,-2.0078,-54.0692,71.24,71.24,95,96,2.82,BR,overcast clouds
258,Schruns,47.0709,9.9475,30.99,30.99,100,49,8.68,AT,scattered clouds
259,Prince Rupert,54.3161,-130.3201,41.0,33.8,93,90,12.66,CA,moderate rain
260,Berbera,10.4396,45.0143,78.93,78.93,74,77,1.59,SO,broken clouds
261,Arawa,-6.2132,155.5367,84.76,84.76,67,74,5.21,PG,light rain
262,Aklavik,68.2191,-135.0107,-13.0,-13.0,84,99,6.91,CA,overcast clouds
263,Ostrovnoy,68.0531,39.5131,10.54,10.54,93,100,15.88,RU,overcast clouds
264,Tiznit,29.5833,-9.5,56.23,56.23,54,95,0.85,MA,overcast clouds
265,Torbay,47.6666,-52.7314,37.99,34.0,87,1,25.32,CA,clear sky
266,Port Hedland,-20.3167,118.5667,89.6,89.6,66,75,11.5,AU,broken clouds
267,Jiwani,25.05,61.7417,76.59,76.59,80,95,17.67,PK,overcast clouds
268,Half Moon Bay,37.4636,-122.4286,53.01,46.99,87,90,8.05,US,mist
269,Fomboni,-12.28,43.7425,82.63,82.63,69,0,4.7,KM,clear sky
270,Quimper,48.0,-4.1,48.2,48.2,71,90,17.27,FR,overcast clouds
271,Sarankhola,22.3082,89.7897,99.84,99.84,30,0,2.06,BD,clear sky
272,Saint-Georges,12.0564,-61.7485,78.8,78.8,83,20,11.5,GD,few clouds
273,Villarrica,-25.75,-56.4333,67.1,67.1,48,0,4.21,PY,clear sky
274,Salinopolis,-0.6136,-47.3561,77.14,77.14,87,100,6.58,BR,moderate rain
275,Bongandanga,1.5,21.05,71.08,71.08,97,91,2.64,CD,overcast clouds
276,Shenjiamen,29.9576,122.298,52.3,52.3,72,95,6.04,CN,overcast clouds
277,Kargasok,59.0556,80.8572,1.06,1.06,90,4,8.7,RU,clear sky
278,Guerrero Negro,27.9769,-114.0611,55.13,55.13,66,0,12.77,MX,clear sky
279,Betanzos,43.2804,-8.2147,52.0,48.0,87,0,8.05,ES,clear sky
280,Buta,2.7858,24.73,70.29,70.29,93,85,0.83,CD,overcast clouds
281,San Andres,12.5847,-81.7006,80.6,80.6,78,20,13.8,CO,few clouds
282,Cockburn Town,21.4612,-71.1419,76.37,76.37,75,13,19.64,TC,few clouds
283,Tarko-Sale,64.9225,77.785,13.41,13.41,88,100,27.51,RU,overcast clouds
284,Ati,13.2154,18.3353,79.32,79.32,9,45,13.06,TD,scattered clouds
285,Sines,37.9562,-8.8698,46.0,46.0,91,1,5.01,PT,clear sky
286,Palmer,42.1584,-72.3287,44.6,42.8,39,1,23.02,US,clear sky
287,Keuruu,62.2667,24.7,24.01,23.0,93,90,4.61,FI,light snow
288,Port Hueneme,34.1478,-119.1951,53.6,46.0,82,1,8.77,US,clear sky
289,Abeche,13.8292,20.8324,81.19,81.19,11,7,24.54,TD,clear sky
290,Kieta,-6.2167,155.6333,84.06,84.06,66,73,7.0,PG,light rain
291,Leningradskiy,69.3833,178.4167,18.93,18.93,83,100,10.51,RU,overcast clouds
292,Kayerkan,69.3497,87.7602,-8.43,-8.43,94,100,28.5,RU,light snow
293,Seoul,37.5683,126.9778,59.0,55.4,44,99,4.61,KR,overcast clouds
294,Teberda,43.4456,41.7448,22.78,22.78,81,100,2.8,RU,overcast clouds
295,Xacmaz,41.4635,48.806,29.73,29.73,83,90,3.0,AZ,overcast clouds
296,Foam Lake,51.65,-103.5343,35.6,35.6,64,61,13.8,CA,broken clouds
297,Jinhua,29.1078,119.6547,66.07,66.07,62,29,3.29,CN,scattered clouds
298,Fort Smith,35.3859,-94.3986,66.2,63.0,94,90,9.22,US,overcast clouds
299,Ovalle,-30.5983,-71.2003,55.76,55.76,94,0,1.14,CL,clear sky
300,Faya,18.3851,42.4509,57.2,55.4,71,0,8.23,SA,clear sky
301,Clyde River,70.4692,-68.5914,-4.0,-4.0,77,90,16.11,CA,light snow
302,Kaura Namoda,12.5898,6.5779,69.24,69.24,20,35,1.99,NG,scattered clouds
303,Athabasca,54.7169,-113.2854,37.4,33.8,75,100,2.3,CA,overcast clouds
304,Maraba,-5.3686,-49.1178,75.2,75.2,100,0,2.71,BR,light rain
305,Usinsk,65.9939,57.5281,12.67,12.67,92,100,15.84,RU,overcast clouds
306,Goianesia,-15.3175,-49.1175,68.36,68.36,90,69,1.05,BR,broken clouds
307,Bermeo,43.4209,-2.7215,42.01,39.0,93,20,5.75,ES,few clouds
308,Clovis,36.8252,-119.7029,53.6,46.0,54,20,3.44,US,few clouds
309,Oswego,43.4501,-76.1497,30.2,28.99,51,1,24.16,US,clear sky
310,Bowen,-20.0167,148.2333,87.8,87.8,55,20,11.5,AU,few clouds
311,Hofn,64.2539,-15.2082,35.92,35.92,58,100,29.55,IS,overcast clouds
312,Tuatapere,-46.1333,167.6833,64.99,64.99,71,0,5.99,NZ,clear sky
313,Prince George,53.9166,-122.753,42.8,42.01,49,90,16.11,CA,overcast clouds
314,Keetmanshoop,-26.5833,18.1333,75.2,75.2,46,0,11.5,NA,clear sky
315,Bayonet Point,28.3267,-82.6834,64.0,59.0,74,94,6.73,US,overcast clouds
316,Sao Jose Da Coroa Grande,-8.8978,-35.1478,76.77,76.77,85,10,8.16,BR,clear sky
317,Beringovskiy,63.05,179.3167,29.77,29.77,84,79,19.6,RU,broken clouds
318,Kushima,31.4583,131.2333,66.2,59.0,45,40,12.66,JP,scattered clouds
319,Natal,-5.795,-35.2094,80.6,77.0,78,40,9.22,BR,scattered clouds
320,Coihaique,-45.5752,-72.0662,47.12,47.12,98,9,5.39,CL,clear sky
321,Darnah,32.767,22.6367,51.96,51.96,71,22,4.99,LY,few clouds
322,Qurayyat,31.3318,37.3428,44.6,44.6,81,0,4.61,SA,clear sky
323,Rocha,-34.4833,-54.3333,58.41,58.41,85,20,2.24,UY,few clouds
324,The Valley,18.217,-63.0578,77.0,75.0,78,20,3.44,AI,few clouds
325,Nemuro,43.3236,145.575,39.2,39.2,52,0,18.41,JP,clear sky
326,Saint George,37.1041,-113.5841,39.0,37.0,93,90,6.91,US,overcast clouds
327,Foix,42.8333,1.5833,39.99,30.99,51,20,4.97,FR,few clouds
328,Acheng,45.5454,126.977,42.8,42.8,49,0,6.71,CN,clear sky
329,Joshimath,30.5667,79.5667,62.76,62.76,29,46,2.59,IN,scattered clouds
330,Salatrucu,45.3333,24.5167,36.0,35.6,100,90,4.61,RO,mist
331,Istok,42.7808,20.4875,39.2,39.2,81,0,4.61,XK,clear sky
332,Zomin,39.9606,68.3958,47.53,47.53,85,100,2.08,UZ,moderate rain
333,Palencia,42.4167,-4.5,39.0,33.01,88,45,5.99,ES,scattered clouds
334,Rocky Mountain House,52.3668,-114.9188,28.4,28.4,86,79,1.14,CA,broken clouds
335,Rodrigues Alves,-7.738,-72.6509,70.66,70.66,98,100,1.74,BR,overcast clouds
336,Chalchihuites,23.4833,-103.8833,51.04,51.04,44,71,4.61,MX,broken clouds
337,Aswan,24.0934,32.907,59.34,59.34,40,37,11.48,EG,scattered clouds
338,Vila Velha,-20.3297,-40.2925,77.0,75.99,65,0,4.61,BR,clear sky
339,Bela,25.9333,81.9833,89.28,89.28,23,92,10.49,IN,overcast clouds
340,Worland,44.0169,-107.9554,33.8,28.99,60,1,8.05,US,clear sky
341,Sao Sebastiao,-23.76,-45.4097,74.71,74.71,93,40,2.68,BR,scattered clouds
342,Filingue,14.3521,3.3168,72.41,72.41,16,6,11.1,NE,clear sky
343,Kodinsk,58.6881,99.1844,14.83,14.83,85,64,8.25,RU,broken clouds
344,Matadi,-5.8167,13.45,76.53,76.53,96,100,0.69,CD,overcast clouds
345,Bilma,18.6853,12.9164,76.46,76.46,7,0,13.56,NE,clear sky
346,Cayenne,4.9333,-52.3333,73.4,73.0,94,0,2.77,GF,clear sky
347,Hambantota,6.1241,81.1185,86.0,86.0,74,20,12.66,LK,few clouds
348,Los Llanos De Aridane,28.6585,-17.9182,64.4,54.0,63,90,9.22,ES,overcast clouds
349,Yantai,37.5333,121.4,48.92,48.92,57,0,8.21,CN,clear sky
350,Basco,20.4487,121.9702,75.56,75.56,79,29,19.48,PH,scattered clouds
351,Geraldton,-28.7667,114.6,87.8,87.8,30,0,17.27,AU,clear sky
352,Kroya,-7.6331,109.2461,86.54,86.54,62,100,8.28,ID,overcast clouds
353,Kutum,14.2,24.6667,65.16,65.16,22,14,13.0,SD,few clouds
354,Vestmannaeyjar,63.4427,-20.2734,33.85,33.85,60,98,27.72,IS,overcast clouds
355,Dongli,23.5656,116.8194,71.6,71.6,60,75,4.47,CN,broken clouds
356,Barrhead,55.7992,-4.3929,36.0,33.01,100,88,3.44,GB,overcast clouds
357,Ratholo,-22.7245,27.572,66.51,66.51,87,20,7.74,BW,few clouds
358,Dauriya,49.9333,116.8667,34.18,34.18,92,0,2.98,RU,clear sky
359,Kempen,51.3667,6.4167,46.0,44.01,87,90,14.97,DE,light rain
360,Seydi,39.4816,62.9137,38.97,38.97,85,100,18.75,TM,light rain
361,Broken Hill,-31.95,141.4333,84.2,84.2,32,40,27.63,AU,light rain
362,Lianran,24.9227,102.485,70.0,62.6,51,20,4.47,CN,few clouds
363,Bianzhuang,34.8486,118.0447,61.57,61.57,50,56,1.95,CN,broken clouds
364,Constitucion,-35.3333,-72.4167,58.35,58.35,65,0,1.03,CL,clear sky
365,Lincoln,40.8,-96.667,44.01,43.0,55,94,3.0,US,overcast clouds
366,Mehamn,71.0357,27.8492,17.98,17.98,83,99,7.76,NO,overcast clouds
367,Iquitos,-3.7481,-73.2472,73.4,73.4,94,20,2.3,PE,few clouds
368,Gambiran,-6.7988,111.4951,86.09,86.09,65,93,3.98,ID,overcast clouds
369,Mount Gambier,-37.8333,140.7667,59.0,59.0,72,90,21.85,AU,overcast clouds
370,Piranhas,-16.4269,-51.8222,70.95,70.95,92,70,4.16,BR,broken clouds
371,Edd,13.9297,41.6925,85.6,85.6,40,8,13.82,ER,clear sky
372,Punta De Bombon,-17.1717,-71.7931,71.58,71.58,85,11,3.6,PE,few clouds
373,Rapid Valley,44.0625,-103.1463,36.0,30.2,86,1,3.83,US,clear sky
374,Beloha,-25.1667,45.05,76.42,76.42,69,0,15.21,MG,clear sky
375,Antalaha,-14.9003,50.2788,80.53,80.53,73,8,9.31,MG,clear sky
376,Quelimane,-17.8786,36.8883,77.0,77.0,94,75,2.3,MZ,light rain
377,Quirinopolis,-18.4483,-50.4517,70.25,70.25,85,90,1.03,BR,overcast clouds
378,Salalah,17.0151,54.0924,73.4,73.4,78,20,3.44,OM,few clouds
379,Lang Son,21.8333,106.7333,75.9,75.9,63,91,3.27,VN,overcast clouds
380,Viedma,-40.8135,-62.9967,63.75,63.75,49,0,7.67,AR,clear sky
381,Tautira,-17.7333,-149.15,82.4,82.0,78,40,2.3,PF,scattered clouds
382,Hasaki,35.7333,140.8333,57.2,55.0,94,75,21.85,JP,broken clouds
383,San Carlos De Bariloche,-41.1456,-71.3082,55.0,50.0,57,0,4.61,AR,clear sky
384,Sistranda,63.7256,8.834,35.6,35.6,75,0,8.05,NO,clear sky
385,Cervo,43.6702,-7.4101,42.01,42.01,97,36,14.0,ES,scattered clouds
386,College,64.8569,-147.8028,-13.0,-14.8,70,1,1.39,US,clear sky
387,Klaksvik,62.2266,-6.589,37.4,37.4,87,75,12.66,FO,broken clouds
388,Codrington,-38.2667,141.9667,59.18,59.18,68,100,17.36,AU,overcast clouds
389,Bogorodskoye,56.55,37.8833,19.72,19.72,90,99,15.57,RU,overcast clouds
390,Avera,33.194,-82.5271,61.0,53.6,82,1,6.67,US,clear sky
391,La Malbaie,47.6575,-70.1559,33.8,30.2,51,15,8.05,CA,few clouds
392,Yar-Sale,66.8333,70.8333,0.72,0.72,81,100,18.92,RU,overcast clouds
393,Iguatu,-6.3594,-39.2986,71.67,71.67,91,11,2.55,BR,few clouds
394,Jiangyou,31.7667,104.7167,68.88,68.88,55,7,6.13,CN,clear sky
395,West Lafayette,40.4259,-86.9081,48.2,43.0,46,1,5.57,US,clear sky
396,Pouebo,-20.4,164.5667,81.1,81.1,69,32,10.6,NC,scattered clouds
397,Sunrise Manor,36.2111,-115.0731,45.0,41.0,100,75,8.05,US,broken clouds
398,Melendugno,40.2747,18.3368,48.99,46.4,100,0,5.75,IT,clear sky
399,Bolkhov,53.4433,36.0044,20.97,20.97,94,100,15.95,RU,snow
400,Te Anau,-45.4167,167.7167,66.04,66.04,53,0,7.72,NZ,clear sky
401,Port Moresby,-9.4431,147.1797,86.0,86.0,74,40,11.5,PG,light rain
402,Egvekinot,66.3167,-179.1667,25.84,25.84,97,100,23.35,RU,snow
403,Kachiry,53.0675,76.1036,-4.09,-4.09,93,51,12.21,KZ,broken clouds
404,San Juan,-31.5375,-68.5364,72.66,72.66,61,48,7.45,AR,scattered clouds
405,Imeni Poliny Osipenko,52.4201,136.4853,33.19,33.19,98,100,10.22,RU,overcast clouds
406,Dronninglund,57.1604,10.2929,37.4,36.0,93,75,8.05,DK,broken clouds
407,Davila,18.4726,120.5763,91.4,91.4,40,20,10.36,PH,few clouds
408,Hobyo,5.3505,48.5268,80.8,80.8,68,53,16.42,SO,broken clouds
409,Dhidhdhoo,6.8833,73.1,83.53,83.53,74,19,11.83,MV,few clouds
410,Kamenka,51.3223,42.7678,12.99,12.99,79,78,14.14,RU,broken clouds
411,Le Havre,49.4938,0.1077,44.6,44.6,81,0,25.32,FR,clear sky
412,Vanimo,-2.6741,141.3028,83.68,83.68,76,74,3.44,PG,broken clouds
413,Manali,13.1667,80.2667,84.2,84.2,61,40,2.3,IN,scattered clouds
414,Severnoye,56.3491,78.3619,0.28,0.28,93,88,8.7,RU,overcast clouds
415,Matara,5.9485,80.5353,87.24,87.24,57,16,12.59,LK,few clouds
416,Cerritos,33.8583,-118.0648,53.6,51.01,66,75,8.75,US,broken clouds
417,Bilibino,68.0546,166.4372,7.66,7.66,95,100,6.17,RU,light snow
418,Bubaque,11.2833,-15.8333,77.7,77.7,65,40,11.12,GW,scattered clouds
419,Timaru,-44.4,171.25,66.0,66.0,69,0,11.01,NZ,clear sky
420,Guadalupe Y Calvo,26.1,-106.9667,42.3,42.3,51,48,4.43,MX,scattered clouds
421,Farsund,58.0948,6.8047,39.0,39.0,92,54,8.05,NO,broken clouds
422,Turtas,58.9417,69.1325,9.34,9.34,91,99,10.45,RU,overcast clouds
423,Okoneshnikovo,54.8377,75.0834,-2.51,-2.51,93,29,10.4,RU,scattered clouds
424,Hegang,47.4,130.3667,40.39,40.39,61,19,8.03,CN,few clouds
425,Hamilton,39.1834,-84.5333,50.0,46.99,40,90,11.5,US,overcast clouds
426,Biak,-0.9131,122.8766,83.71,83.71,69,94,3.98,ID,overcast clouds
427,Pangai,-19.8,-174.35,82.4,82.4,69,20,7.87,TO,few clouds
428,Northam,51.0333,-4.2167,46.0,45.0,80,94,21.99,GB,overcast clouds
429,La Romana,18.4273,-68.9728,70.07,70.07,87,0,7.49,DO,clear sky
430,Araguaina,-7.1911,-48.2072,72.75,72.75,94,96,2.64,BR,overcast clouds
431,Lucapa,-8.4192,20.7447,65.14,65.14,97,100,2.73,AO,light rain
432,Kavaratti,10.5669,72.642,83.68,83.68,64,0,6.62,IN,clear sky
433,Emirdag,39.0197,31.15,36.32,36.32,51,16,2.37,TR,few clouds
434,Perth,-31.9333,115.8333,75.2,73.4,35,0,17.27,AU,clear sky
435,Pevek,69.7008,170.3133,8.38,8.38,94,100,7.09,RU,light snow
436,Yuancheng,36.652,107.7896,60.35,60.35,40,0,18.25,CN,clear sky
437,Kurilsk,45.2333,147.8833,33.46,33.46,63,0,9.31,RU,clear sky
438,Dustlik,40.5247,68.0358,49.44,49.44,83,100,4.03,UZ,moderate rain
439,Show Low,34.2542,-110.0298,33.8,30.99,64,90,5.75,US,overcast clouds
440,Namatanai,-3.6667,152.4333,83.95,83.95,67,69,6.11,PG,broken clouds
441,Santa Marta,11.2408,-74.199,77.0,77.0,81,46,3.0,CO,scattered clouds
442,Esteli,13.0919,-86.3538,65.16,65.16,87,4,7.96,NI,clear sky
443,Sakakah,29.9697,40.2064,46.4,46.4,66,0,4.61,SA,clear sky
444,Muravlenko,63.7898,74.523,10.98,10.98,85,100,26.4,RU,overcast clouds
445,Adrar,20.5022,-10.0711,59.41,59.41,19,51,10.02,MR,broken clouds
446,Nishihara,26.1842,127.7558,69.8,66.2,45,75,16.11,JP,broken clouds
447,Ostersund,63.1792,14.6357,28.99,26.6,100,90,2.3,SE,mist
448,Paamiut,61.994,-49.6678,7.88,7.88,52,34,10.56,GL,scattered clouds
449,Asau,46.4333,26.4,37.99,37.99,59,100,3.22,RO,light rain
450,Seymchan,62.8833,152.4333,3.4,3.4,75,100,10.8,RU,overcast clouds
451,Octeville,49.6261,-1.6435,46.0,44.6,81,75,29.93,FR,broken clouds
452,Pavlovka,52.6897,47.1405,2.25,2.25,99,92,8.3,RU,overcast clouds
453,Sosnovoborsk,56.1325,93.3589,14.0,14.0,52,0,4.47,RU,clear sky
454,Adeje,28.1227,-16.726,63.0,46.99,67,20,12.66,ES,few clouds
455,Tongliao,43.6125,122.2653,51.53,51.53,29,1,7.34,CN,clear sky
456,Bathurst,-33.4166,149.5806,84.0,84.0,49,6,1.01,AU,clear sky
457,Ixtapa,20.7,-105.2,71.01,69.8,88,1,2.08,MX,clear sky
458,Dwarka,22.2394,68.9678,81.41,81.41,51,23,8.75,IN,few clouds
459,Byron Bay,-28.65,153.6167,81.0,80.6,69,75,14.97,AU,broken clouds
460,Teya,60.3778,92.6267,11.14,11.14,84,67,10.42,RU,broken clouds
461,Morehead,37.2711,-87.1764,53.6,51.01,76,90,3.44,US,moderate rain
462,Kilindoni,-7.9139,39.6668,80.6,80.6,70,5,4.83,TZ,clear sky
463,Korla,41.7597,86.1469,62.83,62.83,22,0,20.47,CN,clear sky
464,Honiara,-9.4333,159.95,83.12,83.12,76,87,4.36,SB,overcast clouds
465,Shieli,44.1667,66.75,19.44,19.44,63,100,24.83,KZ,light snow
466,Garowe,8.4054,48.4845,69.67,69.67,67,1,9.95,SO,clear sky
467,Alihe,50.5667,123.7167,42.67,42.67,55,0,5.32,CN,clear sky
468,Luderitz,-26.6481,15.1594,65.3,65.3,69,0,4.7,NA,clear sky
469,Ligayan,4.6533,119.4706,82.24,82.24,76,59,13.62,PH,broken clouds
470,San Patricio,28.017,-97.5169,72.0,71.01,88,90,18.41,US,overcast clouds
471,Ponta Delgada,37.7333,-25.6667,59.0,59.0,88,75,10.36,PT,broken clouds
472,Kudymkar,59.0173,54.656,7.5,7.5,84,7,9.31,RU,clear sky
473,Turukhansk,65.8167,87.9833,-5.78,-5.78,96,100,22.28,RU,light snow
474,Luanda,-8.8368,13.2343,77.0,77.0,83,75,8.05,AO,broken clouds
475,Kuala Terengganu,5.3302,103.1408,86.0,86.0,70,40,8.05,MY,scattered clouds
476,Njombe,-9.3333,34.7667,58.69,58.69,93,99,0.83,TZ,overcast clouds
477,Kilcormac,53.1742,-7.7256,37.99,37.99,90,68,8.99,IE,moderate rain
478,Tirumullaivasal,11.2333,79.8333,85.39,85.39,54,10,10.27,IN,clear sky
479,Benguela,-12.5763,13.4055,78.82,78.82,83,100,2.04,AO,overcast clouds
480,La Crosse,43.8014,-91.2396,30.99,30.0,69,1,1.92,US,clear sky
481,Takab,36.4009,47.1133,21.16,21.16,85,89,1.79,IR,overcast clouds
482,Grand Gaube,-20.0064,57.6608,84.0,84.0,64,40,7.0,MU,scattered clouds
483,Kawalu,-7.3817,108.2082,89.2,89.2,50,100,2.66,ID,light rain
484,Plettenberg Bay,-34.0527,23.3716,68.4,68.4,67,33,4.29,ZA,scattered clouds
485,Katherine,-14.4667,132.2667,93.2,93.2,46,90,4.61,AU,overcast clouds
486,San Francisco,37.7749,-122.4194,53.6,46.99,71,20,19.57,US,few clouds
487,Tres Passos,-27.4556,-53.9319,57.78,57.78,79,0,3.49,BR,clear sky
488,Gravelbourg,49.8834,-106.5512,30.49,30.49,70,0,5.48,CA,clear sky
489,Kampot,10.6167,104.1833,87.8,86.0,55,20,10.36,KH,few clouds
490,Suntar,62.1444,117.6319,23.14,23.14,91,100,12.64,RU,light snow
491,Aden,12.7794,45.0367,78.91,78.91,70,27,18.16,YE,scattered clouds
492,Petropavlovsk-Kamchatskiy,53.0452,158.6483,23.0,23.0,42,0,20.13,RU,clear sky
493,Praya,14.9215,-23.5087,68.0,68.0,64,20,13.8,CV,haze
494,Bay-Khaak,51.1667,94.5,31.59,31.59,76,48,3.18,RU,scattered clouds
495,Kloulklubed,7.0419,134.2556,86.0,86.0,70,75,9.22,PW,broken clouds
496,Solnechnyy,50.7214,136.6319,39.72,39.72,79,4,7.49,RU,clear sky
497,Frederico Westphalen,-27.3592,-53.3944,56.52,56.52,85,0,2.82,BR,clear sky
498,Pozo Colorado,-23.4923,-58.7972,76.78,76.78,46,11,5.39,PY,few clouds
499,Bani,18.2833,-70.3333,71.01,71.01,87,1,1.99,DO,clear sky
500,Sumbe,-11.2061,13.8437,77.2,77.2,89,100,1.74,AO,overcast clouds
501,Padang,-0.9492,100.3543,86.0,86.0,70,20,5.75,ID,few clouds
502,Portland,45.5234,-122.6762,48.99,43.0,57,1,1.28,US,clear sky
503,Bardiyah,31.7561,25.0865,53.35,53.35,73,11,5.86,LY,few clouds
504,Hohhot,40.8106,111.6522,53.6,53.6,35,0,4.47,CN,clear sky
505,Mapiripan,2.8892,-72.1256,74.55,74.55,80,90,3.2,CO,overcast clouds
506,Kyshtovka,56.555,76.6271,0.21,0.21,91,32,9.42,RU,scattered clouds
507,Moose Jaw,50.4001,-105.5344,32.0,32.0,80,15,3.44,CA,few clouds
508,Inyonga,-6.7167,32.0667,63.5,63.5,88,80,3.29,TZ,broken clouds
509,Buraydah,26.326,43.975,55.4,55.4,62,4,5.75,SA,dust
510,North Bend,43.4065,-124.2243,46.4,41.0,87,1,5.75,US,clear sky
511,Tabuk,17.4189,121.4443,78.96,78.96,76,94,6.49,PH,overcast clouds
512,Along,28.1667,94.7667,86.59,86.59,38,0,2.28,IN,clear sky
513,Kalmunai,7.4167,81.8167,84.18,84.18,72,24,11.03,LK,few clouds
514,Laureles,26.1092,-97.4941,73.0,71.6,88,40,16.11,US,scattered clouds
515,Muros,42.7762,-9.0603,48.99,43.0,88,97,3.0,ES,overcast clouds
516,Rio Brilhante,-21.8019,-54.5464,72.18,72.18,73,64,2.68,BR,broken clouds
517,Hervey Bay,-25.2986,152.8535,75.0,75.0,89,14,5.99,AU,light rain
518,Laguna,38.421,-121.4238,53.6,48.0,40,1,4.61,US,clear sky
519,Buala,-8.145,159.5921,83.12,83.12,74,68,5.99,SB,light rain
520,Ashington,50.9331,-0.3909,46.0,39.99,3,67,1.01,GB,broken clouds
521,Taquaritinga,-21.4061,-48.5047,68.49,68.49,74,38,3.87,BR,scattered clouds
522,Barajevo,44.5789,20.4158,44.01,42.8,100,75,5.75,RS,light rain
523,Nanakuli,21.3906,-158.1547,75.0,68.0,94,90,10.36,US,moderate rain
524,Ust-Kulom,61.6864,53.6902,7.75,7.75,90,7,7.72,RU,clear sky
525,Moranbah,-22.0016,148.0466,92.17,92.17,36,6,10.67,AU,clear sky
526,Ilulissat,69.2167,-51.1,6.8,6.8,66,47,3.44,GL,scattered clouds
527,Yumen,40.2833,97.2,57.36,57.36,17,93,32.68,CN,overcast clouds
528,San Cristobal,7.7669,-72.225,65.12,65.12,89,45,2.17,VE,scattered clouds
529,Sur,22.5667,59.5289,90.37,90.37,24,4,15.88,OM,clear sky
530,Dunedin,-45.8742,170.5036,64.0,61.0,70,0,8.01,NZ,clear sky
531,Sandwick,60.0,-1.25,41.0,41.0,81,75,23.02,GB,broken clouds
532,Nelson,-41.2833,173.2833,66.99,66.99,46,0,5.01,NZ,clear sky
533,Alice Springs,-23.7,133.8833,73.4,73.4,88,75,5.75,AU,light rain
534,Acajutla,13.5928,-89.8275,80.15,80.15,67,48,3.65,SV,scattered clouds
535,Deputatskiy,69.3,139.9,-12.01,-12.01,83,12,1.39,RU,few clouds
536,Kuantan,3.8077,103.326,82.4,82.0,83,20,6.91,MY,few clouds
537,Japura,-0.3167,102.35,91.62,91.62,51,85,3.09,ID,overcast clouds
538,Camana,-16.6228,-72.7111,72.43,72.43,87,1,7.78,PE,clear sky
539,Victoria,22.2855,114.1577,75.2,64.0,57,20,14.97,HK,few clouds
540,Tekeli,44.83,78.8239,38.12,38.12,96,99,1.81,KZ,overcast clouds
541,Sorland,67.667,12.6934,38.35,38.35,94,97,24.34,NO,overcast clouds
542,Yanliang,34.6592,109.2292,59.0,59.0,72,0,11.18,CN,haze
543,Laranjal Paulista,-23.0497,-47.8367,68.27,68.27,91,12,4.81,BR,few clouds
544,Bon Air,37.5249,-77.5578,57.0,51.8,82,1,3.44,US,clear sky
545,Port-Cartier,50.0334,-66.8654,24.8,23.0,63,98,19.57,CA,overcast clouds
546,Neftekamsk,56.092,54.2703,5.31,5.31,91,10,6.6,RU,clear sky
547,Superior,46.7208,-92.1041,28.0,23.0,46,1,4.61,US,clear sky
548,Churapcha,62.0025,132.4325,12.79,12.79,82,100,3.06,RU,overcast clouds
549,Xiuyan,40.2928,123.2744,49.53,49.53,62,91,4.54,CN,overcast clouds
550,Bluefields,12.0137,-83.7635,74.59,74.59,91,19,8.28,NI,few clouds
551,Zemlyansk,51.9041,38.7334,19.4,19.4,68,90,13.42,RU,snow
552,Newport,51.5877,-2.9984,45.0,39.99,84,52,3.0,GB,broken clouds
553,Arona,28.0996,-16.681,63.0,46.99,67,20,12.66,ES,few clouds
554,Alexandria,31.2156,29.9553,57.2,57.2,58,40,5.75,EG,scattered clouds
555,Marsh Harbour,26.5412,-77.0636,70.59,70.59,71,3,15.14,BS,clear sky
556,Meshchovsk,54.3244,35.2808,21.92,21.92,93,100,16.26,RU,light snow
557,Touros,-5.1989,-35.4608,77.0,77.0,83,40,3.44,BR,scattered clouds
558,Carlos Chagas,-17.7031,-40.7664,65.91,65.91,94,2,2.28,BR,light rain
559,Oxbow,49.2333,-102.1676,30.2,30.2,64,1,5.75,CA,clear sky
560,Fountain,38.6822,-104.7008,34.0,27.0,100,90,3.44,US,mist
561,Conceicao Do Araguaia,-8.2578,-49.2647,73.78,73.78,90,100,1.88,BR,light rain
562,Innisfail,-17.5333,146.0333,83.41,83.41,70,34,8.63,AU,scattered clouds
563,Mareeba,-17.0,145.4333,91.0,86.0,51,36,12.66,AU,scattered clouds
564,Nicoya,10.1483,-85.452,78.8,78.8,61,0,18.41,CR,clear sky
565,Arlit,18.7369,7.3853,71.73,71.73,14,43,7.76,NE,scattered clouds
566,Tayzhina,53.6679,87.4362,13.21,13.21,93,100,8.21,RU,snow
567,Primorsk,46.7348,36.3443,32.2,32.2,76,96,11.65,UA,overcast clouds
568,Greytown,-29.0642,30.5928,61.92,61.92,94,12,4.05,ZA,few clouds
569,Bandarbeyla,9.4942,50.8122,79.18,79.18,66,4,9.62,SO,clear sky
570,Tsagan Aman,47.5639,46.7218,25.0,25.0,99,0,10.67,RU,clear sky
571,Flin Flon,54.7682,-101.865,24.22,24.22,92,98,6.29,CA,overcast clouds
572,Kropotkin,45.4375,40.5756,25.0,25.0,48,100,9.62,RU,snow
573,Vao,-22.6667,167.4833,77.45,77.45,74,72,18.34,NC,broken clouds
574,Ormara,25.2088,64.6357,76.46,76.46,59,100,4.29,PK,overcast clouds
575,Inhambane,-23.865,35.3833,78.8,78.01,78,40,10.87,MZ,light rain
576,Taltal,-25.4,-70.4833,63.97,63.97,89,4,0.49,CL,clear sky
577,Leh,34.1667,77.5833,23.16,23.16,63,0,0.63,IN,clear sky
578,Leirvik,59.7798,5.5005,39.2,39.0,87,40,11.5,NO,scattered clouds
579,Rio Cuarto,-33.1307,-64.3499,63.0,60.01,97,0,5.01,AR,clear sky
580,Bluefield,37.2698,-81.2223,48.2,46.0,87,20,3.44,US,few clouds
581,Pokhara,28.2333,83.9833,80.83,80.83,15,100,5.64,NP,overcast clouds
582,Merauke,-8.4667,140.3333,83.44,83.44,76,65,6.85,ID,broken clouds
583,Rio Gallegos,-51.6226,-69.2181,57.2,57.2,47,0,28.77,AR,light rain
584,Saiha,22.4833,92.9667,93.42,93.42,13,0,4.38,IN,clear sky
585,Porec,45.2258,13.5939,48.0,44.6,93,75,8.05,HR,broken clouds
586,Pakxan,18.3778,103.6601,91.0,91.0,45,6,5.37,LA,clear sky
587,Nouadhibou,20.931,-17.0347,68.0,68.0,30,0,12.66,MR,clear sky
588,Sibolga,1.7427,98.7792,86.02,86.02,66,5,5.14,ID,clear sky
589,Weligama,5.9667,80.4167,87.3,87.3,56,17,11.16,LK,few clouds
590,Prado,-17.3411,-39.2208,72.72,72.72,84,3,4.47,BR,clear sky
591,Iroquois Falls,48.7669,-80.6831,-0.4,-0.4,85,20,3.44,CA,few clouds
592,Lar,26.2039,83.9717,88.57,88.57,23,97,11.95,IN,overcast clouds
593,Lhokseumawe,5.1801,97.1507,87.3,87.3,58,17,7.36,ID,few clouds
594,Timbiqui,2.7717,-77.6654,74.07,74.07,89,99,2.75,CO,overcast clouds
595,Kabinda,-6.1333,24.4833,67.98,67.98,92,100,2.24,CD,overcast clouds
596,Belle Fourche,44.6714,-103.8522,37.99,37.0,65,1,11.5,US,clear sky
597,Denpasar,-8.65,115.2167,93.2,93.2,59,40,10.36,ID,scattered clouds
598,Bintulu,3.1667,113.0333,78.8,78.01,89,40,3.44,MY,scattered clouds
599,Kermanshah,34.3142,47.065,39.2,39.2,75,75,4.05,IR,broken clouds
600,Magadan,59.5667,150.8,11.17,11.17,69,0,7.14,RU,clear sky
601,Kimbe,-5.5502,150.1429,84.83,84.83,74,50,6.26,PG,moderate rain
602,Praia Da Vitoria,38.7333,-27.0667,59.0,57.2,94,75,11.14,PT,broken clouds
603,Kulhudhuffushi,6.6221,73.07,83.43,83.43,75,5,12.55,MV,clear sky
604,Esperance,-33.8667,121.9,66.2,66.2,39,78,10.36,AU,broken clouds
605,Orangeburg,33.4918,-80.8557,60.8,59.0,67,1,6.11,US,clear sky
606,Homer,59.6425,-151.5483,15.8,7.0,53,1,8.05,US,clear sky
607,Tazovskiy,67.4667,78.7,0.93,0.93,89,100,22.73,RU,light snow
608,Kasongo-Lunda,-6.4667,16.8167,68.0,68.0,98,100,1.28,CD,light rain
609,Langenburg,49.2544,9.8458,41.0,39.2,81,90,12.66,DE,overcast clouds
610,Lujiang,31.2581,117.2817,55.4,54.0,67,20,4.47,CN,moderate rain
611,Umea,63.8284,20.2597,28.4,26.01,93,75,3.44,SE,light snow
612,Dixon,38.4455,-121.8233,55.4,48.0,43,1,5.32,US,clear sky
613,Shimoda,34.6667,138.95,57.2,57.2,94,75,11.5,JP,broken clouds
614,Husavik,66.0449,-17.3389,28.4,28.4,93,90,19.57,IS,snow
615,Ilo,-17.6394,-71.3375,71.53,71.53,86,29,2.55,PE,scattered clouds
616,Rancho Palos Verdes,33.7445,-118.387,53.01,50.0,86,55,4.0,US,broken clouds
617,Chernyshevskiy,63.0128,112.4714,20.52,20.52,94,100,3.65,RU,snow
618,Khandyga,62.6667,135.6,8.46,8.46,76,70,2.59,RU,broken clouds
619,Semey,50.4111,80.2275,-2.2,-2.2,84,20,24.61,KZ,snow
620,Port Hawkesbury,45.6169,-61.3485,37.99,36.0,52,1,8.05,CA,clear sky
621,Trairi,-3.2778,-39.2689,77.74,77.74,85,95,6.73,BR,overcast clouds
622,Bonga,7.2833,36.2333,67.14,67.14,69,61,1.57,ET,broken clouds
623,Naze,28.3667,129.4833,68.0,68.0,60,75,14.97,JP,broken clouds
624,Rudersberg,48.8852,9.5293,46.0,44.01,76,100,1.01,DE,overcast clouds
625,Mzimba,-11.9,33.6,65.34,65.34,95,99,6.06,MW,overcast clouds
626,Launceston,-41.45,147.1667,63.0,60.8,94,90,16.11,AU,light rain
627,Eenhana,-17.4667,16.3333,66.24,66.24,71,23,5.59,NA,few clouds
628,Aquiraz,-3.9014,-38.3911,82.4,82.0,74,75,8.05,BR,broken clouds
629,Teknaf,20.8624,92.3058,88.52,88.52,42,3,9.98,BD,clear sky
630,Galesong,-5.3166,119.3661,86.0,86.0,70,40,5.75,ID,scattered clouds
631,Hinundayan,10.3523,125.2506,83.88,83.88,73,96,1.7,PH,overcast clouds
632,Aksu,41.1231,80.2644,58.96,58.96,23,60,2.73,CN,broken clouds
633,Batagay,67.6333,134.6333,-7.28,-7.28,83,20,4.81,RU,few clouds
634,Hirara,24.8,125.2833,69.8,68.0,60,75,13.8,JP,broken clouds
635,Yerbogachen,61.2767,108.0108,18.95,18.95,86,100,18.12,RU,light snow
636,Vincennes,48.85,2.4333,48.99,48.0,81,90,21.85,FR,overcast clouds
637,Berdigestyakh,62.0989,126.6992,12.65,12.65,92,99,5.21,RU,overcast clouds
638,Arequipa,-16.3989,-71.535,56.71,56.71,87,88,2.64,PE,overcast clouds
639,Biankouma,7.7391,-7.6138,69.98,69.98,93,87,1.97,CI,overcast clouds
640,Darhan,49.4867,105.9228,51.53,51.53,27,79,15.01,MN,broken clouds
641,Presidencia Roque Saenz Pena,-26.7852,-60.4388,75.99,75.99,47,97,4.0,AR,overcast clouds
642,Juchipila,21.4167,-103.1167,68.72,68.72,25,0,5.01,MX,clear sky
643,Dryden,49.7833,-92.7503,24.8,24.8,50,75,11.5,CA,broken clouds
644,Belmonte,-15.8631,-38.8828,69.8,69.8,83,0,2.3,BR,clear sky
645,Revelstoke,50.9832,-118.2023,32.0,32.0,80,20,2.26,CA,few clouds
646,Katobu,-4.9408,122.5276,88.18,88.18,57,45,5.12,ID,scattered clouds
647,Canton,23.1167,113.25,75.2,73.99,64,75,6.71,CN,broken clouds
648,Gat,31.61,34.7642,52.0,46.99,100,24,1.99,IL,few clouds
649,Aykhal,66.0,111.5,9.03,9.03,91,100,10.09,RU,overcast clouds
650,Saint-Joseph,-21.3667,55.6167,82.4,73.0,69,75,19.57,RE,light rain
651,Gizo,-8.103,156.8419,84.49,84.49,64,92,3.53,SB,overcast clouds
652,Payo,-3.7508,103.6372,87.48,87.48,60,96,4.9,ID,overcast clouds
653,Marawi,7.9986,124.2928,81.0,81.0,85,9,4.0,PH,clear sky
654,Banda Aceh,5.5577,95.3222,87.04,87.04,61,40,7.45,ID,scattered clouds
655,Mogadishu,2.0371,45.3438,78.8,78.8,73,75,6.91,SO,broken clouds
656,Montego Bay,18.4712,-77.9188,77.0,77.0,78,75,6.91,JM,broken clouds
657,Riyadh,24.6877,46.7219,68.0,60.8,21,1,14.97,SA,dust
658,Xining,36.6167,101.7667,56.25,56.25,14,0,2.86,CN,clear sky
659,Caconda,-13.7333,15.0667,59.32,59.32,84,65,1.7,AO,broken clouds
660,Zvishavane,-20.3267,30.0665,65.21,65.21,91,26,4.47,ZW,scattered clouds
661,Mahibadhoo,3.7833,72.9667,83.73,83.73,71,57,12.24,MV,broken clouds
662,Shache,38.4167,77.2406,58.51,58.51,21,79,2.48,CN,broken clouds
663,Pitimbu,-7.4706,-34.8086,77.0,77.0,88,20,3.44,BR,few clouds
664,Khani,41.9563,42.9566,33.8,33.8,93,75,9.22,GE,broken clouds
665,Mayahi,13.9553,7.6712,71.89,71.89,15,0,6.44,NE,clear sky
666,Kautokeino,69.0125,23.0412,14.38,14.38,94,96,10.54,NO,light snow
667,Tashla,51.7716,52.7427,2.73,2.73,92,0,3.02,RU,clear sky
668,Komsomolskiy,40.4272,71.7189,48.2,48.2,76,100,4.61,UZ,mist
669,Outlook,51.5001,-107.0513,28.4,23.0,93,29,4.61,CA,scattered clouds
670,Ekimchan,53.0667,132.9667,29.57,29.57,95,100,11.12,RU,snow
671,Sabya,17.1495,42.6254,77.0,77.0,73,3,3.44,SA,clear sky
672,Strezhevoy,60.7333,77.5889,1.4,1.4,66,0,13.42,RU,clear sky
673,Nzerekore,7.7562,-8.8179,71.98,71.98,95,99,2.1,GN,overcast clouds
674,Goderich,43.7501,-81.7165,26.6,26.6,63,41,19.57,CA,scattered clouds
675,Port Blair,11.6667,92.75,86.68,86.68,60,0,11.86,IN,clear sky
676,Sept-Iles,50.2001,-66.3821,24.8,23.0,63,99,19.57,CA,overcast clouds
677,Yenangyaung,20.4667,94.8833,96.58,96.58,14,6,5.53,MM,clear sky
678,Glenluce,54.8798,-4.8084,37.99,37.99,95,100,4.0,GB,moderate rain
679,Kenora,49.8167,-94.4337,26.6,26.01,63,1,14.97,CA,clear sky
680,Bagua Grande,-5.7561,-78.4411,74.03,74.03,85,100,1.68,PE,light rain
681,Ulaangom,49.9811,92.0667,25.81,25.81,79,73,0.78,MN,broken clouds
682,Luwuk,-0.9516,122.7875,85.55,85.55,71,96,3.15,ID,overcast clouds
683,Kavieng,-2.5744,150.7967,84.25,84.25,61,52,5.57,PG,broken clouds
684,Ulverstone,-41.15,146.1667,62.01,59.0,74,100,11.99,AU,moderate rain
685,Buchanan,5.8808,-10.0467,75.2,75.2,94,40,6.93,LR,light rain
686,Suhbaatar,50.2314,106.2078,41.36,41.36,53,100,6.64,MN,overcast clouds
687,Chiheru De Jos,46.6833,24.8833,34.0,33.8,93,90,2.3,RO,light rain
688,Baghdad,33.3406,44.4009,46.4,46.4,49,0,6.91,IQ,clear sky
689,Steubenville,40.3698,-80.634,48.2,37.99,34,1,10.36,US,clear sky
690,Kortkeros,61.8106,51.5806,5.0,5.0,66,0,13.42,RU,clear sky
691,Campeche,19.0,-90.5,75.02,75.02,77,66,5.06,MX,broken clouds
692,Douglas,41.3,-96.167,42.01,37.99,60,1,5.28,US,clear sky
693,Ocher,57.8904,54.7202,6.58,6.58,86,21,9.53,RU,few clouds
694,Bairiki,1.3292,172.9752,86.0,86.0,70,20,6.91,KI,few clouds
695,Lakes Entrance,-37.8811,147.981,87.01,87.01,35,100,11.01,AU,overcast clouds
696,Novikovo,51.1537,37.8879,23.16,23.16,73,100,17.09,RU,snow
697,Hutang,31.5333,119.4833,54.0,54.0,60,96,5.01,CN,light rain
698,Moussoro,13.6408,16.4901,78.76,78.76,7,64,12.1,TD,broken clouds
699,Aripuana,-9.1667,-60.6333,71.37,71.37,97,93,1.34,BR,overcast clouds
700,Srednekolymsk,67.45,153.6833,-5.46,-5.46,93,100,7.58,RU,overcast clouds
701,Imeni Babushkina,59.7573,43.1285,15.91,15.91,89,100,13.56,RU,snow
702,Bulgan,48.8125,103.5347,48.67,48.67,24,18,5.03,MN,few clouds
703,Caceres,39.522,-6.3748,42.01,42.01,77,33,3.06,ES,scattered clouds
704,Tignere,7.3667,12.65,65.03,65.03,85,69,3.83,CM,broken clouds
705,Cananea,30.95,-110.3,45.0,37.99,63,3,7.47,MX,clear sky
706,Haines Junction,60.7522,-137.5108,3.2,3.2,55,99,8.05,CA,overcast clouds
707,Penzance,50.1186,-5.5371,44.6,44.6,70,40,36.82,GB,scattered clouds
708,Severnyy,50.677,36.5532,23.0,23.0,86,90,13.42,RU,snow
